{"loss": [1.6037923097610474, 1.1334396600723267, 0.960953414440155, 0.8615926504135132, 0.7858829498291016, 0.7229008078575134, 0.6755918264389038, 0.6354891657829285, 0.5935486555099487, 0.559722363948822, 0.5268841981887817, 0.4929073750972748, 0.46312761306762695, 0.4404054284095764, 0.42410242557525635, 0.4006091356277466, 0.37927159667015076, 0.3602231740951538, 0.34579649567604065, 0.3311159908771515, 0.3180142641067505, 0.30085113644599915, 0.29151108860969543, 0.2783927619457245, 0.26587504148483276, 0.2603546977043152, 0.25284743309020996, 0.23682166635990143, 0.2362525761127472, 0.22401989996433258, 0.21769119799137115, 0.20994825661182404, 0.20932328701019287, 0.20086973905563354, 0.19595548510551453, 0.18842054903507233, 0.18068547546863556, 0.1765737235546112, 0.16992822289466858, 0.16949531435966492, 0.16645194590091705, 0.1601247936487198, 0.1575074940919876, 0.15652726590633392, 0.15057548880577087, 0.15235988795757294, 0.14693574607372284, 0.145930215716362, 0.143837109208107, 0.1330225169658661, 0.13798312842845917], "accuracy": [0.46884000301361084, 0.611240029335022, 0.6670200228691101, 0.7010999917984009, 0.7252600193023682, 0.7467399835586548, 0.7626199722290039, 0.7782999873161316, 0.7896599769592285, 0.8035600185394287, 0.815339982509613, 0.825160026550293, 0.8368200063705444, 0.8428199887275696, 0.8487399816513062, 0.8562600016593933, 0.8634600043296814, 0.8717399835586548, 0.875760018825531, 0.8810999989509583, 0.8852400183677673, 0.893559992313385, 0.8957599997520447, 0.9002799987792969, 0.9048200249671936, 0.9085000157356262, 0.9089400172233582, 0.9157599806785583, 0.9143999814987183, 0.9202200174331665, 0.9218000173568726, 0.9244999885559082, 0.9253600239753723, 0.9289000034332275, 0.9298200011253357, 0.9325399994850159, 0.9363800287246704, 0.9373999834060669, 0.9388599991798401, 0.9392200112342834, 0.9416000247001648, 0.9446200132369995, 0.943880021572113, 0.9438999891281128, 0.9462400078773499, 0.94514000415802, 0.9468600153923035, 0.9467200040817261, 0.9484999775886536, 0.9523199796676636, 0.9512400031089783], "val_loss": [1.211827278137207, 1.0577996969223022, 0.8238658905029297, 0.8082087635993958, 0.7146252989768982, 0.6994957327842712, 0.6941402554512024, 0.6449142098426819, 0.6363396644592285, 0.6146819591522217, 0.6138613224029541, 0.5832931995391846, 0.6554155349731445, 0.6656660437583923, 0.5755536556243896, 0.5801014304161072, 0.5821996331214905, 0.6093832850456238, 0.6167993545532227, 0.6995661854743958, 0.5964160561561584, 0.6825865507125854, 0.6425496339797974, 0.5771380066871643, 0.6028087139129639, 0.6154732704162598, 0.6013652086257935, 0.6046918034553528, 0.6009813547134399, 0.6014101505279541, 0.6516729593276978, 0.60566246509552, 0.6301524639129639, 0.6051293015480042, 0.6109472513198853, 0.6058827638626099, 0.6850252747535706, 0.6236117482185364, 0.616753101348877, 0.619792640209198, 0.6984795331954956, 0.6751299500465393, 0.6319642066955566, 0.6193400621414185, 0.6495846509933472, 0.6411056518554688, 0.6670076251029968, 0.6402453184127808, 0.6252285838127136, 0.6460250616073608, 0.6426749229431152], "val_accuracy": [0.6004999876022339, 0.6322000026702881, 0.7078999876976013, 0.7152000069618225, 0.7488999962806702, 0.7559000253677368, 0.765500009059906, 0.7738000154495239, 0.7851999998092651, 0.7854999899864197, 0.7929999828338623, 0.801800012588501, 0.7860999703407288, 0.7809000015258789, 0.8109999895095825, 0.8093000054359436, 0.8112999796867371, 0.7943999767303467, 0.7964000105857849, 0.791100025177002, 0.8116000294685364, 0.7993999719619751, 0.8082000017166138, 0.8203999996185303, 0.8173999786376953, 0.8129000067710876, 0.8209999799728394, 0.8112000226974487, 0.8217999935150146, 0.8190000057220459, 0.8101999759674072, 0.8220000267028809, 0.8190000057220459, 0.8224999904632568, 0.8276000022888184, 0.8264999985694885, 0.8072999715805054, 0.8223999738693237, 0.8227999806404114, 0.8245000243186951, 0.8174999952316284, 0.821399986743927, 0.8241000175476074, 0.8294000029563904, 0.8260999917984009, 0.828000009059906, 0.8222000002861023, 0.8289999961853027, 0.830299973487854, 0.8277000188827515, 0.8299000263214111]}